Resolution,Mean,Median,Min,Max,Std Dev
0.5,148.0,166.0,21.0,253.0,62.13860594836635
1.0,148.0,166.0,21.0,253.0,62.13860594836635
1.08,148.0,166.0,21.0,253.0,62.13860594836635
1.5,148.0,166.0,21.0,253.0,62.13860594836635
2.0,148.0,166.0,21.0,253.0,62.13860594836635
